order_id,review_count
0035246a40f520710769010f752e7507,2
013056cfe49763c6f66bda03396c5ee3,2
0176a6846bcb3b0d3aa3116a9a768597,2
02355020fd0a40a0d56df9f6ff060413,2
029863af4b968de1e5d6a82782e662f5,2
02e0b68852217f5715fb9cc885829454,2
02e723e8edb4a123d414f56cc9c4665e,2
03515a836bb855b03f7df9dee520a8fc,2
03c939fd7fd3b38f8485a0f95798f1f6,3
03eba6d9fef8f5b3e811d4b5a7cca9cd,2
04f1827088d972a62224f5203a071500,2
0544030711e50ec2cb6c15764d22891a,2
05452881e2846549b81d39249bb66ad7,2
056bfadd41b8600ad5ecfef2ac132188,2
059bbeb3477ed66fd7e670c3f879009a,2
06b2c7035561ef12b16045ef4bf459e2,2
0715dfcf2383aa72c181d8b47f6cb589,2
073fa4be4665f397a289842b1053229c,2
0749426d1c48fe5943cbdf1316ace0aa,2
075a544c5f4ed4bb75f82b160465fe76,2
076d991923ee938761994a4255f5c5da,2
08bf75dcf867b9f13026785053e87052,2
08c01d43e93f5c485f48758550d41eb9,2
095e9e0811476409362d72fa70d73a6c,2
097abce97e431993434adabc1aaec4e4,2
09a38776c4e31230864f867821174daa,2
0b127810f86631fa896fd74a421045f8,2
0b4aab4ef70208498663141571f68116,2
0b5588f04551d90ee148462bb65dfddf,2
0d404657f01231a876c9a25b6c91e329,2
0d6cc2219ef268358eac3c49b47abca9,2
0da7c9db070f692a9851de83c90a4371,2
0db1181e0778609b581bf9a95b17f313,2
0dccb365ad960364b43a228ff6cebd3b,2
0dfedf3d432d2cdca59a3ef16b313db6,2
0e457aee274ec7e2e18d25ab6d212921,2
0ed5043fe7d3f4f88353697330bbc020,2
0ee24d5ae95ccf0552a2ef03dfadb924,2
0f9458a3e4a303f60f99659d29645ee5,2
1041d437bb0a4bcfeb3a107426f2d5f5,2
10467788e05701fc7e9293f6cbed5c11,2
10f288cd8e6f4add2454d845e9df5af6,2
110f23195a2ddb2ccaad30b37bfacbbf,2
138db286991b7cc18370680e5f5154da,2
142b0e3de54c110a3109b26c79d6ec2e,2
14d35062b86c2e1f69376af68e9e2a1e,2
14d9794bbb53614d12cc2df6a045f82b,2
14f6c86b695ea4ddd3dd4386d10388b0,2
14f75c9606fc12baa607bebe380d7237,2
14fdbdfb8a3c7657649abbc004c434c5,2
151e44f3dd461fe0838b6f59f884749f,2
1536003b9af6a526e0d02b8cd13fd2af,2
1544b91291000836c72384f035436fbf,2
1549221b1b6e8fec6d2f9890932333f1,2
157de1652c032429a625d034be79eeeb,2
15fc22aad8d1b227891ce61eff4128cd,2
169ab175fb915582d84c0c5c95bb0fe3,2
169d7e0fd71d624d306f132acd791cbe,2
171c9f9a5667b0bea55d8b78c27bc5bd,2
1799b503cd7c2cbd801e75dd72fe3069,2
17df2cc060680fc1712991499b645cd2,2
18167ddaf5805d7289af17daa51f35a3,2
18fdcbdf78e62bac03cf30b6b9398087,2
195cdd5d4a7a7137487b3d3ab71c851f,2
19fe6cd13dca5943f17abd2c37c46abd,2
1a271fc8bb3a9a776ae5c012bf017ac5,2
1a3ccc1695931b2cb7a95065e0c81e4b,2
1a69d5fdff0003d4571dffa1a9a10967,2
1aa720b6963ff9b4b5bff9bc48b49a89,2
1bc1acc1a9efde3aaa00688fc9d33d2a,2
1c308eca3f339414a92e518e2a2e5ee9,2
1d297b4800ed1a3c5b0944d84c01ee99,2
1de86d094f7dd41cca13d246d3b7fd07,2
1f4409e522bbd17f0fcc7b9d1409fe8c,2
1f63547f5743b270843ccf840f00108a,2
1f6a5335ecf1406eea5f2cccc0c5946f,2
2002ea16e75277eaa0b5d78632048540,2
20efd9f000215e0bbefcf087e8cf3d61,2
2143393cca994a4b8235bc1d67ded772,2
21cb4961399b846b168d0358100f473b,2
230429e6f253f9cd6561aad72ce7ee2f,2
236ff4e9c2ed220ff9d4186b729379b8,2
23a2d8b0357730d4f9c50aa48773e9e9,2
23afc00db0b1c005196306f02e1c1178,2
241ed1aad96c4cc788ee6f8ab96242ef,2
246b14cc444e8a7df0afd80495dfa052,2
2477bfb97977363803e3cdd7c6805198,2
250587cf0cafce7892b56a47a1697833,2
25320e12b3d6e8f54f17389037588bba,2
256d17dcfae69f2c09f3ab3daf76b0ef,2
25cb912c6742e486c6988aaf2c8f221b,2
2613fb342bec59126f9c5180a5bc95ec,2
2683346722c6565c6c79e08c8264f25f,2
26ba6dc5d33b55a3107a56f4e8d77395,2
273177c9b2d2eb2a68a77ee39e726b52,2
2739713764165279791b394484947e2d,2
275322de6426ec5071b219b77fba6a65,2
2792c4f95b24c1a72641cd404561bdd8,2
27dc874d0fc1a19c74ec77ca706be968,2
27ea1775a86c796168b08511e529d0a3,2
28553df1da816f76ae87bb32739cd4b5,2
28a32ec11abbac5c27adfa4d8cbc351a,2
28fbe65f18578f91f026300af5e6bdbc,2
29062384ce4975f78aeba6a496510386,2
29f5dd847b7db645b7ce75cc49ddb612,2
2a08278777d9f1a73321180ce445b630,2
2a3d67c0d2045bf67abb3d8f320ac29f,2
2a680095a7549ad07085fb6863f91316,2
2acfdc5131ff2cf4433e668454c9784c,2
2af768daf2646f316e9457e1f10b2428,2
2b0e07b3ff6d3a2db9405022edc865c2,2
2bc7d8434e38fd99e69b2d4b88f7c638,2
2c6df2cdea838bd21bc2dc78dac3029b,2
2c9e6deaeeff1f3e721f241df5eabba0,2
2ce757e7e2cf3442241e4646b3472dd0,2
2d4bc14df7f5eaf36d2ef6d9a5b7c0d8,2
2d4f4cfa89af135842ed4770de178752,2
2daee070f2042c8b7a8e9fdde778a31a,2
2deb17060fc1ce18a85eba953ddcdeaf,2
2e0b1f8402c862aceda3851490482211,2
2e3258f81be08e497abb202cef0c0303,2
2e84df8fa5a2f0d5eab815d6c157b1f3,2
2ee31a66f128a2600acad318260c9e01,2
2f8f31eb2f7b6572836d662a6625c8e4,2
2fcdb0c004a2a538d3dd724ea76916bd,2
2feccd99e8fb784baae9499c24c56522,2
30143cbe639436a82c4936717cc5ecb6,2
3020672893fa4aa5b9a077aef902851e,2
316119df99801d35bea84dbe48f4765e,2
3200257acc9dd36d1fa819e72fca7e59,2
328d856c33d24e8aac1b90367ae7cd3a,2
329aacec1c0231ed21bb1e2f8f4dc1e0,2
3366858be589fddbcf6a199aab0058d4,2
338d2237cff9d84c960705a68b88c638,2
33f1e992ba3e439bfd0d432164a3d44a,2
34080c138f92d6ea70448a0403b25d00,2
34de5f7952fbd04a9a1e5d7001b014b5,2
361e0cf744333677864a5e28558a53bc,2
36783db8698edf3ba7585d93b5a1c4bf,2
37732eb932f8b2b2b3d7cef77833eec1,2
37dbd3a9ef03223ca93bad0442fd91ba,2
38b80ac02e3ce34b306483fc57a33bc5,2
38e31ec9d0ed250702ede5bb610d963b,2
39948b49e7e68844f9f5a31d12a3c4c6,2
3a7162d3eda153a373ed4112bdf53b32,2
3ab974ac744bd19a111d5e19f0a90649,2
3b132068223649635448d659e7826d12,2
3ba42e1ab3dfab510424d0872616a139,2
3c060be8256385c5eab23e0f857609d8,2
3c1098cb17277b62cfc709c7a9b500f5,2
3c40398038e198e9e1636c1116378da8,2
3c557fef5b5d9315a99f7442ef013a8e,2
3c5c2cfeea91d9a57ac3c979ec6c9d62,2
3ca618a967a369a20ac5f2c4e00e151a,2
3cbf332e7f3e5a7c73f6106f0ba94967,2
3cf387bb14e9db171ccbb9b87ea607bb,2
3d905f2c25bbcb26fc068e0ca62a4315,2
3df55fc07ff463109ce0422439693aee,2
3e27524d3fd47ae21dd03342be78a94f,2
3e93213bb8fdda91186b4018b2fe0030,2
3ea8ef64da06a959e384edb7cb824c02,2
3ee6f1a94cd7b1aa622553fd94a3aaf3,2
3fde8b7313af6b37b84b5c7594d7add0,2
3fe4dbcdb046a475dbf25463c1ca78bd,2
3ff220e93d03aad9bb6767d90ac0e846,2
4082016610cd8b53add011fe068c04b3,2
412e4fb4c148a6d31f905c16481d75e6,2
42ae1967f68c90bb325783ac55d761ce,2
42b00bba3a67fd5e1acc3f437d8afaba,2
4420cbe16c262f724b648cd1294c88b6,2
4464462d945bc41b8b7cc74d04722969,2
44aa72f4eebc8c0ff7a3636f6369201b,2
44b7f7a59d7d3d4c6d72380e3af10e80,2
44bff723bc2f864855ed3807ea7157c6,2
44cb884118c81bf6db2f43cf11ab63d6,2
450c49623c365a4edcf0c5a2c93aa7c9,2
45390ff93f092f0de1524d486a172c33,2
468edfd1aeeeef023e6bba4943f2cdfb,2
46d2741b78a72c2f07bf0f3c34c4ceab,2
4703440eb9289d3769819920e98ec061,2
4863e15fa53273cc7219c58f5ffda4fb,2
48a964e9ba3ce166150d2980a2f19ed1,2
49bab3f94ce298f6fde6208f426978b4,2
49fd347705840c689965d81ae7f2b415,2
4a34792ebbc108e28a7d9cc2332ed0e1,2
4b42f2dc682eee98b86ceee2fd9876d9,2
4d006fbdecd41058974d5d99f2d69650,2
4d107edcce9acf824db9d203dcf9fecf,2
4d9a297fbfa9ba6d8d70c06d4bec9ca9,2
4df567e09f935eee9bbc8758526ec580,2
4ec16f88e884232366f73009df2bf045,2
4f2a73bfb26889724652d46145c4a62f,2
4f68ed0836136db8064bf34ebb1965e2,2
4fafa25ee16300a26f7ef92f3d15b58b,2
500aced6001e75a49db10f0ae54f94f1,2
5040757d4e06a4be96d3827b860b4e7c,2
5123fb3580d7dd11bfd9c25321e43ed5,2
52d95b0538fecb3014db141985d65d64,2
543933b39ebd50e13884fca2829ccdf8,2
5525404ad9f5043e1164e6833b2c24ca,2
559d606ac642899e44550f194fec7e08,2
5642f00882c2ab59e001778dc483135f,2
565b0bdb5bfef65df5a23890967586f6,2
566f53fc7d36fa366f7e221468121877,2
56fcb6d24acb1b94dd4492f663187b69,2
574c4ecf7699daffc21fc04eb876b8a8,2
5795641bab8a44216bb7f551187af034,2
57d1548a5e964a5d6d303ff32de7859f,2
5a3b1c29a49756e75f1ef513383c0c12,2
5b0cbe028ba75896dcef147e3cfaae1b,2
5c2049caca936695cfa43805ebe7d8e3,2
5cb890a68b91b6158d69257e4e2bc359,2
5ddea4bc0239f874cd7d6fd398d6045a,2
5e4c365dd3cf7769a88981f408d069d3,2
5f32fe4a0180fa919a3a01ec75e5ba12,2
5f4415c3829ad05566ee455a5344d07d,2
5f7252bf13701d879f6fc28e72b71a9b,2
5f92ad7a8f00f12846cf6f654966adc4,2
60058a96e9d74aba1c66b86edbd0535e,2
6066fbcebeaf378770ad9fbe8e30d1f0,2
60b3fa9424e97cd3b6b95ca799d511c6,2
615e54068238441742c4daf6a7b4ccff,2
61845fa79785f181ff99f39e39f40740,2
61b2314bd576f3d792e46e1d56e51ee6,2
6297b306b33b7a9028dfaa203b9742a3,2
629a311d2d78caf11bd453dd536c6da2,2
62adfd8a504d828f9dc9c184f2a236b8,2
62bc181a6d897eba7057bb531ea5f094,2
6318d8c5f6857de384c0b3186d036457,2
6390d8596b48fe36ecbd508af3770dec,2
6401cfe160d72392195bd6e311a582cd,2
64307ceb91666760cf3ff463618302fd,2
64b474e9995eb9740db3190013984b6b,2
64bbe3a7dae1ea0dae5ac315fe779596,2
64f2e9aa85911b6a48e3d11ef05b73c7,2
6525d9ab0bff6133c63e9c0cfa55bfbd,2
6540a36b3dd6a4a0922d5f57d493d9d6,2
65709b9620e3ef6f575918b8348a8ece,2
6596197a74edd396e3d34c53eff4ad6f,2
661e075fa45fa4a73a79dd6972bce18b,2
66355bca3dfaa134e807687ade5d3330,2
66f943fd426ac8716ef6b6b97ace8bd8,2
677cebcf344bca22b07250e7548bd8bc,2
67d760ec323d2c9f0292ec4cdafc676e,2
684497197738631cbe11c77e531a3220,2
687297c4cb20d6fad502624bed7376ec,2
688e3682bd719f71232cc322252fb045,2
6957a72f3cc3a47e9d93b8b3b863c425,2
69a2e27fe34392681b7b5ab9c5aea437,2
69ad29a3aba936e80ea906bf73c631a8,2
6b2f7dba402cf63ca207bbe2cc05ef67,2
6b99ff92735c747557e84a5f5cd7a560,2
6b9c8c185575db6251ea1e2c699cddd5,2
6bb796381998e8a626006950f6ef8dc0,2
6c3b9813e98d409d3af5da143efbd2d7,2
6cbe792e9ab88ffb6579d0b28088a988,2
6d58638e32674bebee793a47ac4cbadc,2
6f118f6a730ce35b230974f295f743f9,2
6f78a74ebcd33afa2bccc0c0a82ff04a,2
700bf35cd16de6e4d5d1e6e023b0221d,2
70c77e51e0f179d75a64a614135afb6a,2
71049671af38d8dacc4b8bc9e488a4af,2
712cb14ddeca38aaeb49dea61f811018,2
7139a3b215ea730e2db624cc99820578,2
7144ca093cbdecfdfc3e76d49da6ffb9,2
714fb133a6730ab81fa1d3c1b2007291,2
7150a9da273995bcf6c7c5beeb3e5c42,2
715b8576b74d53796bcbb107a201eb55,2
71717b68820ab37f844d6799422804d7,2
71853944ebfe6bd5f5de0302cba14354,2
725c0e3b1689714b8acfa0b09022e600,2
7433b1786e1af2042c2c4c76d3e4b750,2
74b7f4373a78df8c16862d9d0875c5b4,2
75213e459cfe44a61c496c864e0a8c63,2
75d5d3d16567a27eefc5752aeb063072,2
75df014e897510b97edbb6261ef40f82,2
76ac5a9b38c945eb910681d171e98c55,2
76d297b7eeb8abdaeb5d573e33336449,2
76de574e14e58baded25a12dce8075c1,2
7720e8564b9fee98c22438680fa85cfb,2
77bd3f7f2fefbad1254911e90bc64158,2
77ef3216467887c78ddec18de86a58b9,2
7845a2492ab1b4f2cf3d56c7b8da1446,2
78cd965d0bc0388d390404eee6490c5b,2
78cf5dc2baadfbac2c47c6ef7c2a2282,2
7902f1e4e448f0d59d80e60bc25ec61c,2
79675ac76b2c97ba601ce736de298724,2
79ce3a0a9eba49ff442b392ab05349a4,2
7a502e545ea55a7ff2a035abd83c6d84,2
7a8345d4e981fc3d89b402f3e9978d15,2
7b1219cc26d69c357880055b52d87960,2
7b994fc7c7528d2098eebcb19d18ce7e,2
7ceb3c8bbf48eaa776064d56012afbc1,2
7d4101163410b1380268da3933e691f1,2
7dc8487f60263dbf289600757f5c6f99,2
7e7aa7dd23657ca98b6b94fa4ad4c576,2
7ebc6754bb5e6f1cfafe6b2c9bb6df44,2
7efd95780798d3826acbaafd16953320,2
7f13a20e25350f4a55fb2a7c9a2e8d88,2
7f9089a3fbe75385f39d5924c2928352,2
80446aee36e09ebf4cb79585f6c9ce61,2
807303007d46225288462ecc115905fe,2
80fe5b2fe4869330fabbceea5e5e7c0c,2
81dec63f48ee4e24401d392921393ab3,2
823384842bb58973b0c88e31c6f94da9,2
824fa8179b9911d58831e0b09eedde13,2
826221f0c1a1915308dccb83b841eb2f,2
8265a551f1441d4dd75468036a7a5020,2
82fd1196a459f594fb1d66e667fc74c4,2
843be4a0dcdb9716de7652d53af4acab,2
84aa61a900410cfe26b57337d376a1ae,2
84f5e6c0a0e3155e38c00f434ba90ce8,2
8681822ccf2aaea9124f49a2a6dba7b1,2
871ea4c791e2d977d094700806eef385,2
892e04325197686b3f5a32eb5fb38177,2
8a9dffcf22392c73f48cc12ad332af30,2
8ab698a9cb0d97ba97d4626a7534273e,2
8b3c2785144e72ccba9b0213f0f1cd1e,2
8b426ff8aa1c03dc173f1270133b408e,2
8c6a3fab1ed272b02f23bb7dc9061d9a,2
8d42bc7cf9914679406f48db0e05e571,2
8d771479430ddcc5431d2ef4aa207204,2
8e0ace07f58e07d34ada126b1de0d6a1,2
8e17072ec97ce29f0e1f111e598b0c85,3
8e350e1e4254bd7c68913b98bde7d3a7,2
8ef17147aad160f7780239dcf0acb400,2
8f22b4b97d1fd2f187f3106ffb0021c4,2
8f32ee82ea0fe678bd4aae681f1637cc,2
8f5fac100b291e3c7c7c34ca50001b5a,2
8ff88873f03f1912c00741f8e5ae6c79,2
908c80ba9160e9d87007015b15aada39,2
9105e733a6a8fcccf4fced822e1a67ae,2
91e6838f3091d5ea8d82bc61a52b5d58,2
92e0a2b039d9ce627cbcc94ecf879f87,2
94153bbf95f273c5b6c342d2acc6d017,2
94f23feb252cda8e4bf2380428a1c42f,2
94f522c26f2681ad053b999e34e7b317,2
95287dc5df93f25b90309d5acddbe02e,2
95442deb81a5d91c97c0df96b431634a,2
95e7f49dc56e12097c265c45527a3941,2
95efc26128229ac33bfc67d4fce8fa28,2
964937fd838e5fb7488cf417d7b60747,2
964d7960d6a2fad0dbe19f9365bfac2d,2
96521e809c9baf75bf1a6881d39e0d8e,2
96f5be02bc9ffc589f3274500a64a7e2,2
9735a2f9279006018ed254377240bf4c,2
985106d37edb11c738adc8e8b9fbed01,2
98c977c116f7779360e9fecffd3860b6,2
99ced390cb3920dd78d289dcddfc6ce4,2
9a19e859f5bd7a0bb22d64d35fa8b979,2
9aef5cb54685c53c5dd0b28727ff1203,2
9b24c8496d87684865617cdb3eff7065,2
9c54a1816e487456bb7eb5082b9823ff,2
9cffda8a5be9e20be381cc47ef5e8e00,2
9d6e7e70e068602fa740fc3163cefd3b,2
9db5ceb6f107ae0944c19188c8869a03,2
9de125e032c8c74ccbcf9a5b7a3b4faa,2
9de38c42ea4d33af19aac6c4d6c4b146,2
9e47bdda0d32604c18e587c151278314,2
9e8bf3ebc81cc29ee6e934d95370e5bc,2
9eb9610a7e3c04e7ab0298d704c383dc,2
a07c319b821b5707ba0b018c7ad63aef,2
a17af8e6044c5ccaa87b1d97559dc554,2
a1b8aea9fd9e26a8644a65e1aaea8740,2
a1d50a1883814a31c8629adf354c1013,2
a47bf2de96db0109440cc21208edcc4f,2
a4b276bd4a9eba543ec90cdf29a67308,2
a5507507d82c1fb664405882ed065af0,2
a56e54593f2c7f2b10f69216a7265aa5,2
a5a322511ad2f5a5296e865cd5c23abe,2
a67f04f0a3022835f86664a0070fe36e,2
a7dbcf5043158d6fa72859eead2f3d10,2
a89773db642a632c5cf8534ce1a49b28,2
a92733241b636a8ffddd05c56714d32d,2
a979479c1af57af858b45dfd2d67ee04,2
aa20064eef8808d62ed9ac5286ec0796,2
aa2ae4efd578f1c304128a899e4d1a17,2
aae84f9096ee934bec7b48604a47e6e1,2
ab71e5dff0ed652f1559e1860391bd22,2
ac08c0b67890296c7c7c10f34b81eea4,2
ac7a92560a9e99f0a0ab4988102f491b,2
acbaf2e843c77c9749c79030163c8b81,2
acbe07f22f29ad7e5a78f30008cc6ec7,2
acd76a8508680cbb5d4c04707be03f87,2
ace3b21c5c57456d2e2215452829073b,2
adbac4b12d94ba3f3e7c47dfe548fc81,2
aef2bc3845eb581cecce74b769d46c6a,2
afed4265a8b956d840bc032e54dfccd1,2
b12e5d725658a4566286153c51727af2,2
b19169c7cb8391fb8561e094d61c531a,2
b1e45a9d2437f4116c3ff5de92d2a527,2
b34fa044fec24bf9206a7b2b022dd92c,2
b37a7e90838d63c38152d2f8c432a726,2
b45d11b61c2a68756bbbd7665d67e812,2
b48681f5e795989ee7e78953269720e2,2
b4b23a5f1e3af0a90cce47b18af0e612,2
b522474ba0639dd0385e4918d46ddcba,2
b5a801d2465c927e096449f176459916,2
b69113e2cb7e946f2aca03d4eab65c0f,2
b6e5aa946acc4e29e7069510f28a0bce,2
b6f999c6eccbf4df9af77d67c77a8e52,2
b7293e3014a7261f0d26d28a1e927864,2
b76e1e63723d846f3382683973908122,2
b77200a7cbfba12d399cea6ab05f0056,2
b798fc527c548bfa5f069b5b29195275,2
b7fe42fc0d57642abd6b868ce754865c,2
b88330a020772cd6f9b2454f307a486d,2
b8fdf0a70040d5461adca8f95ba4171a,2
b9a528ec4ad891d009b3dc50588218f1,2
b9e6b3135dcdfc054568883b2bcf1e5e,2
b9eb9fbcca54dfce1d087c752d0f4b35,2
ba78997921bbcdc1373bb41e913ab953,2
ba89a3d7d01c8a2a0bbdb514a851e9f1,2
baed56f3eda9223b74c6cf175f05678e,2
bb2481cfc7467d4d8ee14699270dd7e8,2
bb3b63f8a09bf476fd524c44fb767a31,2
bbf6a647ecc68aa5e79d2cd75ef44c68,2
bc42a955f289870d5789e6e437206300,2
bc8446f693e6c406e28d5cee739dc4cd,2
bcb0343717a9e0265e156e34c25c3dc0,2
bd859dd7a6a1b8c1df9fcb75c3604eaf,2
be3b5139d2f6babd057f6f5d98bb1b3f,2
bee4fbc438d2d48527e812cb6a1c8166,2
bf593abe2928b23b60cee1ff3471a4dd,2
bf9a3a8d9db6be5e4dfcfe2f071ef405,2
c000c9de28e2436553f200d0faf8eb97,2
c0db7d31ace61fc360a3eaa34dd3457c,2
c1deab56eafcb4bec7703bbe7bd25137,2
c27cd942c2a926d25153090afa106ceb,2
c333fbd06019caef9160f4b7ab8547d1,2
c3ec5c70256966fe8951602e15e63495,2
c44883fc2529b4aa03ca90e7e09d95b6,2
c4ca4450ac2974ba5eeb4832b7ec724a,2
c4f710df20f7d1500da1aef81a993f65,2
c5132855100a12d63ed4e8ae05f9594d,2
c5334d330e36d2a810a7a13c72e135ee,2
c63031aab37b1beb849bb4856afd4f13,2
c761a8b74f1e876bc5efc4186f720e27,2
c7c28a159a907d1d0ff580856daffa72,2
c7cfea0c153e6382e32e84c2a9dd7d2e,2
c7e1e46af92704b1c2e1924de96e7479,2
c86cd0844d36479f7e7adb1edd5e59d3,2
c879dff70ad9d2d3c315fc40492c660e,2
c88b1d1b157a9999ce368f218a407141,3
c8b5282d408a1646c2b36a65f3d6fc80,2
c96fce6251b1af10a35cdf0675566dd0,2
ca263afd88a8a1200605adbd4b63cd7d,2
cad95e56b8bc5ed2c10ee964ba21ac96,2
cb1aefa2e40fed6fb68c34d30e3c0e7c,2
cb5b7fb63c0add7098c025cb737df02e,2
cba44aa41766f6210b875f576a4241e4,2
cbf088f9ac169d9c7eddcaa9c5e465fe,2
cc1b834e8d019a8c71e3c3b1a23edc61,2
ccb44718a5b5b8bde31b24e888d56d09,2
ccfa13cff25aa5ad005e434ac68acaaa,2
ccfc366f9a65ee1750a938bd18aa489f,2
cda07ad4f2f777317f2d6b2e3621a5cd,2
ce0102221c8d12a97979c74d09cca282,2
ce1813098fb283f84f0b5a7aa63e5fcc,2
ce338e075a36068051ecff6802ab64ef,2
ce59496beb223906ab55f6bce7fa86f5,2
ce5ac3d77cca9ee37ace392eb33cee3f,2
ceb533871105f7cda81fafc19e1ee38e,2
cec16bf8607acd5483286d4a74fb4365,2
cf73e2cb1f4a9480ed70c154da3d954a,2
cfea19cacc7328f2fccb914fb0fd5fe2,2
d028d198f371aec5c0bbcadfc46c943c,2
d04aa7a56c20579debaf2cd69ce4dd73,2
d07ea9203ae0a6ea15a2eacc87b4c0f7,2
d0d30d1f6b48c8e1266d9b960dc191d5,2
d14639e8e6808119a16fde091d30b2d2,2
d22f0b06e1519065d7eddb2ba6b79b63,2
d240d33f0dcf05513f86b7846c4db05c,2
d43872a5beeeefe86421f622da91fb38,2
d61b915b69851aec8a8865f36cfd793e,2
d6dde74bdeb424af6b660214881b4845,2
d78c16f09da03410837a551a09a4bf64,2
d898dd2a514f62601dc99b7858023038,2
d98e1bbea27add1b46f2f78aa0a3517b,2
d9e44c3fd2ce16086619f299e92e12d8,2
dab8a6c6bd6ec448df5b3a6b6cb887bc,2
dbf76ef1323584fa387945f83b324534,2
dbfa3d8c05cc5d84083fc259a9feb5bc,2
dd73d93a25e576d8dae52c7c66b3becf,2
deab5b501cae4f6475a45bb4eaf79b61,2
df2a380947167bc1d9d863cf7247713d,2
df56136b8031ecd28e200bb18e6ddb2e,3
df926b7d1f6199f57548358c93ec9f39,2
e00ed9d20c3479f9f0e9727ca9d60946,2
e0e878e7eefd915b86e8b5714374642f,2
e1bc1083cd7acd30d0576335373b907d,2
e1e8e3bca903de27e9a1c72b5a5795e0,2
e1f693a7777b9f6ff730a9d2b45a56cb,2
e204c9b2f4c4eda05420bea7f4b7ac03,2
e2d87ac3739c08508d0f9a46cf33786f,2
e40ad49e77913b7176bc3268c18b3299,2
e433edc92cb5e3ae5515301b3309e303,2
e5e34f7a2aebfe043a405c831b556f1e,2
e68635b5cb368d061f2acf5de4d617e7,2
e706d614326b76f48f24d82f86c0b2ed,2
e73eb0a2c088eec6c479d66ac0d910f0,2
e832fe7f7808b5f981ee02746681d40e,2
e88f2d374afb179c85305c2e855f9d04,2
e9e7ebde60b33ca371a24f94a52fb499,2
ea147e73648571e7ae04cfc2ba96aa35,2
ea5b8ab951ac72f344bebd303152f748,2
eae81d7a6951b80a04eb152e76e3ba55,2
ebb2e4c3a4ed0d36a88cb8656e6a113d,2
ebe8e5e35f85b19e3b8132a054bbf523,2
ec0dc4b572563095782c3e96a9f4d205,2
ec7c6bfed4adf361322a0b6d6e5bfc51,2
ed273ac994e955e0c775eccb0a6512c0,2
ed63d1955429b2d9b6172c755b4fa1b2,2
ed81dbeb0cedad4d3d1f1551b06d6ca3,2
edc0fe108d350a1a98a62888287bc6f2,2
ee15d1d23898663a46ad1c4b08a45759,2
ee6830242df204d5290f7c4704464b56,2
f014aa85d8f495d824d120e9035faacb,2
f0fbc60d51bb40c156688d9ce008237f,2
f20ad794a21ea34c982e74ec18f7aaec,2
f2665691d2aa17a8c8a37438686b1927,2
f299e3cfbddf9de401e1f1adf33cd788,2
f2f99bdf2e5cc73abc5e135a2ab1767e,2
f32506d911d029d9aa31e074798f2c2f,2
f3ee55bf50ef2f2318599425ef80107d,2
f494e4f6b6de7aeefe3af00acc8b3426,2
f545c6d66e2fa494386ccbdd3e6762cd,2
f6089c47bab18faae3d90c64cfb08481,2
f63a31c3349b87273468ff7e66852056,2
f6a3c840a4982c53155907a2fb3b8318,2
f707ff2a9514dce20b267136b60af042,2
f7c5c5ff5045e13c98901bbbf8e871d4,2
f83c07d038cf7ce0132a5797f823e4fe,2
f86e20fe6ce750c00d7ed08e8c67384f,2
f93a732712407c02dce5dd5088d0f47b,2
f9c78e6e58306dc81efbbada1ac11f24,2
f9fe6e11e33871e71f921d5051e72bb4,2
fa06c9f04ef55a2a43f2246a0777b7c8,2
fa350da9efbba83c2957b629bf6c2c7c,2
fc3d87913825143fa41c48e40267c47a,2
fcde2f7449493b4f207a23fae117b0fb,2
fd61441ba2a7b57e6342862e779b10b0,2
fd95ae805c63c534f1a64589e102225e,2
fe041ba1c9f54016432fa6ee91709dbc,2
ff763b73e473d03c321bcd5a053316e8,2
ff850ba359507b996e8b2fbb26df8d03,2
ffaabba06c9d293a3c614e0515ddbabc,2
